,0,1,2,3,4,5,6,7,8,9
SEXO__1- Hombre,-0.373076935599189,0.1739857951001704,0.0336454611506794,-0.000781134732275001,-0.10426722476206485,-0.0006368065596128293,-0.03254377482762953,-0.023968742508751754,-0.03199201937911016,-0.03757140433524212
SEXO__2- Mujer,-0.3624603338004552,0.19023984702205918,0.049410457497863665,-0.021836816497094135,-0.019921475660031912,0.02355298077959444,0.004788197152436278,-0.02499475052212118,-0.06832310725923199,-0.06126481349657896
SEXO__No_reporta,1.4913125847830857,-0.7381586046932004,-0.16792522529811152,0.04504905836498822,0.25406200408043456,-0.04590937852200643,0.057345442022796074,0.09932398591038105,0.20240480682235548,0.19965730410022808
SEXO__Otros_SEXO,0.3698619371350527,2.899275903745355,-0.11451579396587187,2.4985907966683882,0.029170719356621626,1.3197680503688152,-0.6284177545127853,-1.0627306300308004,-0.5169242662939938,0.5578271620340689
ESTRATO__1. Bajo-bajo,-0.9300786607498295,-0.24582392684680437,0.04579148628450956,-0.3446969304283622,0.8622495982658469,0.08231631555585306,-0.8321512610876584,0.6917898375364165,-0.05361060755213153,-0.1431028375054569
ESTRATO__2. Bajo,-0.931246763021866,-0.29418731156797984,0.0355711700987559,0.01960711665875612,0.1413633065535474,-0.12488142197362566,-0.10652650040662169,-0.07134001021457703,0.04478187956602256,-0.012219203424746469
ESTRATO__3. Medio-bajo,-0.8646003148214491,-0.28982604071648066,0.2624719522645049,-0.08427145407562127,-1.1541270362277962,0.3390872666822586,0.9394030369059403,-0.23234160743555005,-0.5196600097703873,0.2777326215409897
ESTRATO__No_reporta,0.9244114801459866,0.28731861983769574,-0.08207948989130208,0.06069688067190447,-0.010335969090494359,0.00246474522868911,0.024411827765148667,-0.02236336633718762,0.08007350767961555,-0.022525710419364086
ESTRATO__Otros_ESTRATO,-0.7623201780739988,-0.21526275611053056,1.1849871162062027,-0.5522427798582972,-1.4886864073090396,-0.35927319347212755,1.113222236767614,-0.6851763393362879,-0.31939310890715616,0.6989744787070962
Localidad_fic__Antonio Nariño,0.19115737439471475,0.09576435750891855,0.1183017243241391,0.36214867312424365,-0.9143152746065393,0.8796736726140104,0.5734960171821708,-0.086551025624481,-0.3755636972031036,0.0918388979327241
Localidad_fic__Barrios Unidos,-0.15513489689578006,0.10282566939083138,0.09337370899910355,-0.175360218437102,-1.0295470542702814,-0.16922896385777156,0.7466241770072939,-0.1553467590519336,-0.5301015775386742,0.8833612135880181
Localidad_fic__Bosa,-0.12086861471393746,-0.08713108063851505,0.12064217795997756,0.19013528525762655,0.5153436298485501,-0.2764904120709667,-0.06698907639773834,-0.3474880598103465,0.06057656490424014,0.6905208856197529
Localidad_fic__Ciudad Bolívar,-0.14831233101006797,0.08020400314103034,-0.08936145757076318,-0.6341042937248302,0.7866657137495525,-0.19772346876180433,-0.667471552840299,0.759830899672921,0.1284208463988997,0.2432872864702977
Localidad_fic__Engativá,0.17093457904328255,-0.05653444327298545,0.08749200206245922,-0.42789273654216375,-0.7638058933406272,-0.174359512819167,0.43348727877898763,0.12357808928055428,-0.2883384006879312,0.39094759832164994
Localidad_fic__Fontibón,0.5263046357360398,0.022919020938553636,0.01988463438124346,-0.11876078088260279,0.48968142867878517,-0.568671377593708,0.3170042767042249,0.589209171893419,0.4097332077503823,0.10098956065571316
Localidad_fic__Kennedy,-0.175450242058143,-0.07107834959888074,-0.031680605582663265,-0.047421149385021115,0.3662030312330885,-0.5327510306348613,0.34557876742027205,0.27679814443455497,0.6089069434459452,-0.6399297837571836
Localidad_fic__Los Mártires,-0.16875805381710027,-0.07068338757139421,0.010062975496688867,1.6317582467641216,0.2470677296664374,0.0704837546868839,-0.22356108847077605,-0.6644892226410853,-0.5638157159374151,0.24977795832387262
Localidad_fic__Otros_Localidad_fic,-0.46901407096329834,-0.16895673976367379,-0.08258740428873546,0.7925921077765666,-0.16528395850859498,0.125706192158096,0.2830910596565377,-0.4940127568095241,0.21536361880100377,0.5912794308519077
Localidad_fic__Puente Aranda,0.676637661740342,0.13965331221839325,-0.07111132127920947,-0.16540961210096863,0.0008204091058559675,0.05433449373448028,0.5199378104805698,-0.28139410505798057,0.2711389591092464,-0.7365980479718776
Localidad_fic__Rafael Uribe Uribe,0.008235038231990286,0.00851973615933384,-0.18790109732647373,0.0538726939359071,-0.6013670231998314,0.7588639796520976,0.013922582241125324,-0.5477136512386322,0.4761156687019197,-1.1278172132285673
Localidad_fic__San Cristóbal,0.062359057375115434,0.045189407791695856,-0.040434381830743875,-0.05885880382862491,-0.6550944503455307,0.6088887520742624,0.2718765063561018,-0.8150970394995152,0.075975486686091,-0.4846111291104073
Localidad_fic__Santa fe,-0.14595374960735352,-0.12827403673902854,0.02249051807825846,1.9541875635006554,0.5771112360745259,1.0809281387773535,-0.674490467176809,-0.37886012349082565,-0.3212008314816143,0.5733285965835133
Localidad_fic__Suba,0.031071591029675782,0.02260111335974803,0.07832257770023578,-0.2740828465564723,-0.39438250220664595,-0.673461673121444,0.18858049121049145,0.6228339434326384,-0.060100234940924646,0.5353247008187014
Localidad_fic__Tunjuelito,0.20252358380738414,0.1054695298612244,-0.15753044560222504,-0.47614258698638773,0.23702682597339197,0.15407935714022267,-0.36574807605176596,-0.3578137658965059,0.2508686138871085,-0.8695764480277387
Localidad_fic__Usaquén,0.0951004225733254,-0.19119196265318478,0.15700860242857168,-0.2855815720894948,-1.3398738786209503,0.21568379756502437,1.0459246972062397,0.07665549004230107,-0.47137757307273564,0.4985853033635387
Localidad_fic__Usme,0.220586293702293,0.09642307995863592,-0.06762282233703241,-0.5669850872556726,0.43499285423421014,0.2179244774824298,-0.7601899524589358,-0.11148547975685219,-0.17831887926538142,-1.307041086315596
TIPO INTERVENCIÓN__2. Niños - Niñas,-0.22975387775323053,-0.45616678540871114,-0.1019030848630652,0.040716250857582285,-0.2449301926532546,-0.0037496215073748707,-0.1926161130881483,0.03345440810767926,0.3787433470504865,-0.008300183808935305
TIPO INTERVENCIÓN__3. Adolescentes,-0.08407734062105958,-0.34491532347473175,-0.14483811405668068,-0.42035992658515203,1.3624225695621042,0.4191007575046321,1.6126997532243674,-0.5874775260622854,0.09733518018999811,0.08880107123592418
TIPO INTERVENCIÓN__5. Seguimiento al efecto,0.512968845796097,-0.2109541832237001,0.42386035135636224,-0.05810564851770469,0.07502686240747193,-0.19254368928679916,-0.2661831904165978,0.20571703873355707,-1.473982247967882,-0.05379108717206207
TIPO INTERVENCIÓN__No_reporta,0.30611866015314876,2.3329677930052872,-0.044281748341939826,0.20276214560230543,-0.06081003447014635,-0.02368109595499961,0.0010790725016467447,0.004337807676122756,0.3372594405871971,0.04149319057121963
TIPO INTERVENCIÓN__Otros_TIPO INTERVENCIÓN,1.2807300566301396,-0.6252389297039094,-0.020939582438377347,0.2726165533681384,0.15937803269207798,-0.25238527081475765,0.21970933164352371,0.19582616872256361,0.015221790059905933,0.16148662016231827
NACIONALIDAD__Colombia,-0.3420460447563503,0.21122611776414346,0.04366662887259754,-0.33167869788620574,-0.07906110314390437,0.24028759757721044,-0.1816990337035791,-0.14595013918577004,-0.06810829947331005,0.05121482505266768
NACIONALIDAD__No_reporta,1.4913125847830857,-0.7381586046932004,-0.16792522529811152,0.04504905836498822,0.25406200408043456,-0.04590937852200643,0.057345442022796074,0.09932398591038105,0.20240480682235548,0.19965730410022808
NACIONALIDAD__Otros_NACIONALIDAD,-0.28548628997713577,-0.053507704670505446,0.03645565880953214,1.8893792948071617,-0.29814425833010383,-0.18411599559988248,-0.23774579359809228,0.10908521898110395,0.30127626097107174,0.09952136215595199
NACIONALIDAD__Venezuela (Bolivarian Republic of),-0.4943618415726849,0.04194223071283478,0.030491304967958217,1.535475438036306,0.019520478143810468,-1.1040449162542834,0.8054613618513349,0.5668650044654518,0.03557176756467639,-0.5407821069286173
ESTADO CIVIL__1- Soltero(a),-0.681472899109529,0.5359316560221007,-0.07176211411085257,-0.546475246836245,1.3125195942304797,0.23486800582163467,0.9575561182571204,-0.1927496607856489,-0.3046169612381741,-0.09976063393809421
ESTADO CIVIL__6- No aplica,0.12788569312355372,-0.10083857415431507,0.013412181589369217,0.1019728349484221,-0.24687802842998502,-0.04386312863857358,-0.181022330668762,0.03697508795320694,0.05661988211414324,0.0186936462123689
ESTADO CIVIL__Otros_ESTADO CIVIL,-0.6090197860110342,0.8857937096330164,0.019838935041521892,0.39983668760562446,2.0467040993669534,-0.11583014210272399,2.890551110017737,-1.4047185233156212,0.5633011397550272,-0.04696637355333696
ETNIA__6- Ninguno,0.0017408881763530189,-0.0016651526570940999,-0.00015316391651666898,-0.0028088239061959098,-0.002814735284030964,-0.0033424495834828826,0.005271834166662491,0.004704050189296604,-0.0011027226306658984,-0.003243428994628701
ETNIA__Otros_ETNIA,-0.2713512728880393,0.2595464195764435,0.023873574576401078,0.43780982180103684,0.4387312249800876,0.5209857596610311,-0.8217178627608906,-0.7332176896444484,0.17188076381824943,0.5055514754877849
POBLACIÓN DIFERENCIAL Y DE INCLUSIÓN__13- Migrante,-1.0709223496326246,-0.4357932337821719,0.06702557805319205,1.6862216030905817,0.09854165111890069,-1.2127544071066212,0.8728697230907988,0.6792556206161111,-0.1000029657201218,-0.572135344530069
POBLACIÓN DIFERENCIAL Y DE INCLUSIÓN__14- No Aplica,0.10539528853803272,0.04026195090029346,-0.009523651912489977,-0.15904138478921273,-0.015456486377621632,0.1171956284725128,-0.08578581139323159,-0.059732456295494826,-0.010071446815902524,0.015315750626099085
POBLACIÓN DIFERENCIAL Y DE INCLUSIÓN__Otros_POBLACIÓN DIFERENCIA,-0.48861355608986334,0.2982195929648742,0.5844886555893349,-0.5379549129479257,1.134585300736953,-0.1449619419044126,0.3759150393266617,-1.0367335568872216,3.722392330305657,7.495372416109961
OCUPACIÓN__11- Ninguno,-0.6458007972958623,0.32465212061267684,-0.32309712586868955,0.0935231668474476,-0.5922369281828607,-0.6353165815518291,-0.37463092661806713,0.9425078073420371,0.6523682493243218,0.4017562235612609
OCUPACIÓN__19-En acompañamiento laboral,-0.6073221672715089,-0.32796531348307134,3.5996684778913393,-0.44888912681332843,-0.8027174759359184,-0.869291233936577,0.4674918439369311,-0.8741198346760031,0.5210739067929564,0.4423984231544156
OCUPACIÓN__2- Trabajo informal,-0.7629588899094504,0.11278950843598776,-0.10303220323950465,0.9938983713970806,-0.1554036935330035,0.7527725562316941,0.08865283331188063,-0.6453728316568023,0.43337256063414437,-0.28270107756449186
OCUPACIÓN__3- Estudiante,-0.6135660622412956,0.38525527653724956,-0.045042933062184806,-0.42037907212546877,0.17621672144320122,-0.20335225926000686,-0.05905462244047943,0.244961171253235,-0.2826818675598148,0.09010553857390291
OCUPACIÓN__No_reporta,1.1678702243350816,-0.5092013248050206,-0.09619043289866232,0.006595447447143712,0.007360277926321569,0.012890346706018324,0.035131140197486546,-0.03337567835505203,-0.02078045796949208,-0.04600847741020751
OCUPACIÓN__Otros_OCUPACIÓN,-0.021738300577750603,1.903239253800646,0.0887990140937591,0.49625087805067675,1.0057087970844651,-0.9337763743514174,1.7188468213236445,0.33105878913120484,1.2227427066424414,-0.48992412181722567
CATEGORÍAS DE LA DISCAPACIDAD__No aplica,0.002812428025822501,-0.00038753352307249907,-0.0022468418263396333,0.002525185805334262,-0.0039997937777368235,0.0008534708999680437,-0.0012871690332702755,0.0029885359150653916,-0.013943794760647426,-0.029118860244711647
CATEGORÍAS DE LA DISCAPACIDAD__Otros_CATEGORÍAS DE LA DIS,-0.9152583690970894,0.12611640086114492,0.7311976579359183,-0.821780120464262,1.3016669924080013,-0.2777480443248808,0.41888795707008086,-0.9725697804519268,4.537778294939084,9.476253362874393
VÍNCULO CON EL JEFE DE HOGAR__5- Nieto(a),-0.9262275642120089,-0.45722154128925463,0.24778889381595395,-0.33067163095468627,-0.5036546427226989,-0.39419729177903734,-0.2012241364259795,0.09382703070596567,-0.26796140727486195,0.5396659357713125
VÍNCULO CON EL JEFE DE HOGAR__Hijo(a),-0.6556774183408975,0.2875747092164896,0.031022765394800877,0.009904836860044708,0.031235228848518586,0.04078439519257826,-0.06306423532849958,0.0026857699286700343,0.07435364398848042,-0.02690147693585692
VÍNCULO CON EL JEFE DE HOGAR__No_reporta,1.1732672329626188,-0.531644089816776,-0.09702314355582037,0.003714072373694546,0.009608904764262727,0.012960899166994642,0.03434834370859767,-0.03303099624702656,-0.023034344605666307,-0.04795054876691358
VÍNCULO CON EL JEFE DE HOGAR__Otros_VÍNCULO CON EL JEFE ,-0.41020931755446055,0.7790124628209553,0.23556257950723203,0.023487105563859318,-0.1998253468653995,-0.4060742736692316,0.637471604983966,0.1748592140438583,-0.6165986929628411,0.42666230552925805
ZONA__1- Urbana,-0.10951074657161512,-0.4095247865680298,0.003084509728268671,-0.041093701556655315,-1.8324951913084554e-06,0.006869854630502837,0.01300838540506684,-0.010312946669453035,-0.027683365196011292,-0.005002270741868017
ZONA__No_reporta,0.5312519781640345,1.9951563010581543,-0.015235620057527101,0.20053140846292675,-0.0005873336821835941,-0.03367312956798698,-0.06204396803180063,0.05191948957780232,0.13316758208683027,0.025552243963761524
ZONA__Otros_ZONA,1.0244105498166285,-0.46896841458363187,0.10895242526825648,-0.21297265731148213,0.3018316894749076,0.11113940582435025,-0.6590449632549996,-0.8602358183578591,0.8301204110139032,-0.6039542093327469
BARRIO PRIORIZADO__NO,-0.9705976226260032,-0.2882804533513342,-0.5115144761977845,-0.24856298812572838,-0.24068609170300329,-0.03855996088090638,0.2391681705678528,0.14536788986949142,-0.021494510617713406,-0.009999368368779932
BARRIO PRIORIZADO__No,-0.6195002014273266,-0.25802644294202537,3.099099226743865,-0.3967738486318073,0.06567387639343264,-0.7876165345966133,-0.12221234000862724,-0.650781149146332,0.2499069950071064,-0.07131567866499473
BARRIO PRIORIZADO__No_reporta,0.9244544190153229,0.287325593413293,-0.08208337937276917,0.06063195046889863,-0.010372512886581612,0.0024455085191595533,0.02450044392121728,-0.022318627344217804,0.08019737582964215,-0.022579657078758707
BARRIO PRIORIZADO__Otros_BARRIO PRIORIZADO,-0.696302442649659,-0.31073518314239973,2.9443444081893233,2.268872942029736,0.6355687319724181,6.6401625068719,0.7072933040452638,5.78847510490318,-0.036346596289838815,0.3280120166625608
BARRIO PRIORIZADO__SI,-0.9990868968887179,-0.29632907336196973,-0.4979250688220332,0.9446269751820511,1.140398146520034,0.14006597421611228,-1.3513431309665425,-0.6462255751406828,-0.7300823298093869,0.24602024246422252
MANZANA DEL CUIDADO__NO,-0.9712745224915798,-0.28131478788030284,-0.5151292633066078,-0.2766369416649546,-0.11972629595819405,-0.050324218617832865,0.12684317238236564,0.17445439607028126,-0.03830555588017184,-0.0030846361993224353
MANZANA DEL CUIDADO__No,-0.6188016444951181,-0.25346180837091137,3.0859817784015715,-0.38570404747757236,0.09366352463688547,-0.7089015760458118,-0.13409253232744506,-0.5418641023339249,0.2411720476227035,-0.054676401271089345
MANZANA DEL CUIDADO__No_reporta,0.9244107375886497,0.2873286176280087,-0.08202399411409293,0.06059934207437427,-0.010399592982507085,0.0024420450064654604,0.02453853631667548,-0.022339203188301737,0.08010946481715234,-0.022553843194357392
MANZANA DEL CUIDADO__Otros_MANZANA DEL CUIDADO,-0.723792724701897,-0.3729592377051886,3.044746057864384,2.831411572162684,0.4920349937145064,7.706645070626594,1.0378804588063892,6.292708675086066,-0.011964239435003299,0.25493393580267765
MANZANA DEL CUIDADO__SI,-1.014711338479468,-0.37091086133158585,-0.4518665077485842,2.1522024261902835,1.0336335839657638,0.394979539406899,-1.4928776185085033,-1.5499294782883701,-1.1189386890851856,0.37827501745919445
AFILIACIÓN AL SGSSS.1__1- Subsidiado,-0.45750980648950995,0.16223104150473516,0.06499738215729993,-0.10124179103268201,0.09495172324093236,0.11428307429449701,-0.18445887973388797,-0.04452316173068996,-0.03054622621734782,-0.02274695422772466
AFILIACIÓN AL SGSSS.1__2- Contributivo,-0.26810311028176,0.25500510373870516,0.012170886485357399,-0.4652053014768669,-0.21994248247004358,0.2410442645145716,-0.05912140858344423,-0.17134749367863553,-0.15415765738569184,0.07369893352120536
AFILIACIÓN AL SGSSS.1__5- No asegurado,-0.3723343662801265,0.04162082027347841,0.04881449039613854,1.4565452589914878,-0.12474883824577128,-0.8908143439112569,0.6181723632044468,0.41978344592414163,0.16498446989184432,-0.4347034307735559
AFILIACIÓN AL SGSSS.1__No_reporta,1.491330029839184,-0.7385328236312823,-0.16794133352339496,0.045061046439562255,0.25399661768278536,-0.045886033976854715,0.05743845566920671,0.0992403404164583,0.202258191067338,0.19963819867284666
AFILIACIÓN AL SGSSS.1__Otros_AFILIACIÓN AL SGSSS.,-0.19850255134327904,0.3573436147372049,0.0231019077957843,-0.5829804900201397,0.02884039974492946,0.1740046677220473,-0.30873707817715196,-0.14931501258339297,-0.1005376837343168,-0.17450019852901974
¿EN DONDE REALIZA PRINCIPALMENTE SU TRABAJO?__1. En la vivienda que habita,-0.07208284866286532,-0.009446867924998718,-0.4229839711263,-0.28328383060639134,0.9461224180311552,-0.3184884600546942,0.018642551803139538,0.2809219545693007,0.4763388017835754,-0.19569053578325285
"¿EN DONDE REALIZA PRINCIPALMENTE SU TRABAJO?__2. En la calle, estacionario o ambulante",-0.24971905085594517,-0.07571782456718888,-0.3928538040189734,1.2043874788924598,0.15917445024786037,-0.19505468207758359,0.09976068197872681,-0.374515918426212,0.30217121371366273,0.13143802350380046
¿EN DONDE REALIZA PRINCIPALMENTE SU TRABAJO?__4. En una UTI,-0.06383398067537183,-0.04631241491942362,-0.3931778731965295,-0.2340636341274368,-0.18890687608751883,0.14926470461426367,0.06363158592588188,-0.03965498403043372,0.3031907647924755,0.0148049510750974
¿EN DONDE REALIZA PRINCIPALMENTE SU TRABAJO?__No_reporta,0.25136427759472335,0.13205587980216277,1.0511322794238045,-0.039044360423928226,0.06518565990356734,-0.1195375175485524,-0.17705821888905698,0.1809308954130653,-0.8458743767391292,-0.05228113333374002
¿EN DONDE REALIZA PRINCIPALMENTE SU TRABAJO?__Otros_¿EN DONDE REALIZA PR,0.6767134869792277,-0.4777474398705322,-0.3007025815584423,-0.07583450787761166,-0.045488965419222815,-0.2632732698139441,0.2626126881335932,0.3449064081699587,0.18482855541188045,0.9730888988459662
"INTERVENCIÓN DE NIÑO, NIÑA O ADOLESCENTE QUE TERMINA EL PROCESO__NO",-1.0456474239384304,-0.1585323280282547,-0.36040822085473745,0.16661754890209862,-0.05485686717802585,-0.08350050529251142,-0.23562084086086932,-0.08964869538566828,-0.10657661022495443,-0.2649362425521822
"INTERVENCIÓN DE NIÑO, NIÑA O ADOLESCENTE QUE TERMINA EL PROCESO__No_reporta",0.6806923025483504,0.23250758787219145,0.1561382847452338,0.015958068803642148,-0.007473290742207458,-0.047705830680993565,-0.017306553866232616,-0.0030972155324702688,-0.13480223819471066,0.0002548166315244941
"INTERVENCIÓN DE NIÑO, NIÑA O ADOLESCENTE QUE TERMINA EL PROCESO__Otros_INTERVENCIÓN DE NIÑO",-0.7779654605676023,-0.1977872983740647,2.9084937038599064,2.374091647251129,-0.05362627450901075,4.9078988063604445,0.9048014180253893,4.557604067037905,-0.06299598470410159,-0.23965456186350673
"INTERVENCIÓN DE NIÑO, NIÑA O ADOLESCENTE QUE TERMINA EL PROCESO__SI",-1.0150274205960415,-0.332899406957777,-0.5885215101011787,-0.0690050650207208,-0.012985727184631809,0.016319294107086376,0.039336279950150564,0.0017911933327871628,0.11241023486350683,0.06342482116653454
"INTERVENCIÓN DE NIÑO, NIÑA O ADOLESCENTE QUE TERMINA EL PROCESO__Si",-0.8469215765331897,-0.6915954327336797,4.080046922239649,0.19325343987410692,0.37953324301360364,0.6896433751480329,0.1290690489302565,-0.04990834167081109,1.609143510425835,-0.4441101906783101
NNA DESVINCULADO DE LA ACTIVIDAD LABORAL__NO,-0.23097241621099948,-0.44256395478430793,-0.47048996426396295,0.057740654898302886,0.1368454283833646,0.34297480051603046,0.08403476264794023,-0.4527026583327233,0.5676384617179698,-0.043207555368548686
NNA DESVINCULADO DE LA ACTIVIDAD LABORAL__No_reporta,0.07081092779929297,1.5523472050135967,0.5011451430849648,0.08576139474523932,-0.07254099386272639,-0.07927806789002492,-0.008994360613020703,0.05167152192194608,0.13430797135348022,0.08925802701725974
NNA DESVINCULADO DE LA ACTIVIDAD LABORAL__Otros_NNA DESVINCULADO DE ,-0.7527437443587535,-0.6561799634658766,3.6580956555764024,0.4566602396910026,0.4037147504684794,1.4537329450395984,0.5094672501775541,0.1779671870741645,1.5530525808525817,-0.5076498545875952
NNA DESVINCULADO DE LA ACTIVIDAD LABORAL__SI,0.06772604347887386,-0.4098156137612892,-0.2965759023145564,-0.04558740660586707,-0.02931656319207926,-0.06392482445530506,-0.014549694655132627,0.08108099721536567,-0.23207621376604692,-0.00048492272467948313
NNA DESVINCULADO DE LA ACTIVIDAD LABORAL__Si,-0.7836011491010638,-0.6256313421555839,3.8974314588690255,-0.04371342067742226,0.4716509764248645,0.038688501403556695,-0.14153678064741065,-0.17374494779012184,1.0856342319937817,-0.3364219715998361
EDAD_GRUPO__0-5_Primera_Infancia,-0.6563467369252322,0.2575514507309366,-0.4200572101731703,0.23925045527285477,-0.5928432846205197,-0.027903549498553087,-0.6226901436951017,0.11479412378845494,0.41156625732745183,0.19129110017140624
EDAD_GRUPO__11-14_Preadolescencia,-0.6556107479855301,0.4257886830332229,-0.36974675152937814,-0.109812715291722,0.0888616118121077,-0.03225044420014465,0.022284762010394085,0.09141072625030229,-0.26554636319496655,-0.07620646327841384
EDAD_GRUPO__15-18_Adolescencia,-0.6495623611261448,0.6775881429333499,-0.41344074755400934,-0.5499006153973094,1.6959302048655132,0.37186633130320096,1.9045805677894472,-0.6013134791899319,-0.34322002894846537,0.08175646962420643
EDAD_GRUPO__6-10_Infancia,-0.641400330411178,0.3122684871134372,-0.375401233817627,0.16163168724083907,-0.3794029684156483,-0.14518825767991353,-0.36762423184517784,0.12522781426043134,-0.029873494217745256,-0.02412994257406407
EDAD_GRUPO__No_reporta,0.834639292582207,-0.485346647720252,0.5020848241716871,-0.01655290608404433,0.032300731168667884,0.016361075862121162,0.021757985018207585,-0.015474646655374489,0.022242085617006455,-0.04413771301320282
UPZ_DENSIDAD__No_reporta,0.5311583731817641,1.9899895395521483,-0.01553776268360928,0.20002923208832052,-0.002823927267924012,-0.03262549670697311,-0.06198356911797336,0.04981372659312877,0.1327539527881332,0.022354959575902722
UPZ_DENSIDAD__UPZ_Alta_Densidad,-0.27194316056525814,-0.46521919223197084,0.0788207478650011,0.9648633246201371,0.38306585872526205,0.1494809598870273,-0.19150688683704098,-0.4631804932583643,-0.28349263609387537,0.6943484822162765
UPZ_DENSIDAD__UPZ_Baja_Densidad,0.021292856668127778,-0.40077891862306503,0.20622016369471247,-0.15788228851601352,-1.0881193660585087,0.27232503702313704,0.7140457762178468,-0.22038443968474286,-0.38471094405235995,0.19059977643676826
UPZ_DENSIDAD__UPZ_Media_Alta,-0.21130175190151707,-0.3975806231465874,-0.1036890433553528,-0.43451901978544977,0.5411170727178739,-0.5790401237175664,-0.21827592994886452,0.8554854608417061,0.24642190695997374,0.30730287158786657
UPZ_DENSIDAD__UPZ_Media_Baja,0.016345368422087274,-0.38257687220624675,-0.1565233289354686,-0.43239001260170645,0.1681001954412957,0.22908345493494175,-0.25763063148487036,-0.29947561290258634,0.27618501142510676,-1.1718027501844561
FASE_PROGRAMA__Fase_Prolongada_mas2a,0.46263971738133564,0.15484674099794524,-0.2061572310287803,0.019375409386833582,-0.003646581233406152,-0.009859045917172793,0.04101161341983126,-0.0031744514926379487,-0.03693871227635982,-0.012636038352069239
FASE_PROGRAMA__Fase_Seguimiento_6m-2a,-0.9564387009379381,-0.32012257106424435,0.42619936599953484,-0.04005577274899028,0.007538763505833705,0.020382108831645648,-0.08478540166126831,0.006562705595175831,0.07636528524593013,0.026123127030387612
